city,avg_home_price,Beaches,Mountains,Continent
Atlanta,385000,False,False,North America
Asheville,340000,False,True,North America
London,780000,False,False,Europe
Miami,610000,True,False,North America
New York,950000,True,False,North America
Rome,420000,False,True,Europe
San Diego,825000,True,False,North America
Barcelona,560000,True,True,Europe
Denver,545000,False,True,North America
Washington D.C.,804845,True,False,North America
Ottawa,401702,False,True,North America
Mexico City,613900,False,True,North America
Guatemala City,640345,True,True,North America
Belmopan,441829,False,True,North America
San Salvador,271621,False,False,North America
Tegucigalpa,290067,False,True,North America
Managua,418543,True,True,North America
San Jose,889725,True,False,North America
Panama City,764979,False,False,North America
Havana,792661,True,True,North America
Nassau,855235,True,False,North America
Kingston,799573,False,True,North America
Port of Spain,834758,False,True,North America
Bridgetown,825394,True,False,North America
Castries,773023,True,False,North America
Roseau,698652,True,True,North America
St. George's,810026,True,False,North America
Basseterre,249836,False,False,North America
Kingstown,476556,True,False,North America
Saint John's,848792,True,False,North America
Santo Domingo,567269,True,True,North America
Port-au-Prince,373913,False,True,North America
San Juan,507871,False,False,North America
Hamilton,220353,True,False,North America
Road Town,874217,False,False,North America
Oranjestad,801027,False,False,North America
Willemstad,622311,False,False,North America
Philipsburg,541866,False,False,North America
Charlotte Amalie,821519,True,True,North America
Basse-Terre,437031,True,True,North America
Fort-de-France,685005,False,False,North America
George Town,378496,True,True,North America
Plymouth,830495,True,False,North America
Brades,400703,False,True,North America
Cockburn Town,550389,True,False,North America
Kingston (Norfolk),363114,False,True,North America
Belize City,601016,True,False,North America
Saint-Pierre,460345,False,False,North America
Iqaluit,413289,True,False,North America
Whitehorse,472239,False,True,North America
Yellowknife,959066,False,False,North America
Anchorage,836964,False,True,North America
Honolulu,590154,False,False,North America
Juneau,594664,True,False,North America
Winnipeg,492491,False,False,North America
Halifax,376590,True,False,North America
Quebec City,866962,True,False,North America
Edmonton,567143,True,False,North America
Calgary,480951,False,False,North America
Vancouver,383228,True,True,North America
Tijuana,462754,False,False,North America
Monterrey,411709,False,False,North America
Puebla,326694,True,True,North America
Leon,864079,True,False,North America
Merida,832655,True,False,North America
Cancun,844635,False,False,North America
Hermosillo,456421,False,False,North America
Chihuahua,422062,False,False,North America
Toluca,803833,False,False,North America
Morelia,517702,False,False,North America
Veracruz,427836,False,False,North America
Villahermosa,889270,False,True,North America
Tuxtla Gutierrez,244570,False,False,North America
Culiacan,964980,False,False,North America
Aguascalientes,950611,False,False,North America
Queretaro,910776,False,True,North America
Cuernavaca,586788,True,False,North America
Durango,521865,True,True,North America
Mazatlan,770286,True,False,North America
Acapulco,315865,True,True,North America
Tampico,604392,False,False,North America
Matamoros,356147,False,False,North America
Reynosa,542224,True,True,North America
Torreon,350723,False,True,North America
Saltillo,874624,False,True,North America
Laredo,488007,True,False,North America
Brownsville,973869,True,False,North America
McAllen,259147,True,False,North America
El Paso,792968,True,True,North America
Albuquerque,360781,False,True,North America
Santa Fe,465991,True,False,North America
Colorado Springs,719576,False,True,North America
Cheyenne,468384,False,False,North America
Boise,655188,False,True,North America
Spokane,344854,False,False,North America
Fairbanks,470224,True,False,North America
Fargo,800832,True,False,North America
Bismarck,958496,True,True,North America
Minneapolis,348826,True,False,North America
Madison,630082,True,False,North America
Des Moines,362443,True,True,North America
Lincoln,375354,True,False,North America
Omaha,882086,True,False,North America
Tulsa,365998,False,True,North America
Oklahoma City,381260,False,False,North America
Little Rock,832980,False,True,North America
Memphis,274124,True,False,North America
Nashville,802461,True,True,North America
Louisville,556508,True,True,North America
Cincinnati,549106,False,False,North America
Pittsburgh,478222,True,False,North America
Cleveland,423447,False,True,North America
Buffalo,445344,True,False,North America
Syracuse,889980,True,False,North America
Albany,605612,True,False,North America
Hartford,919543,True,True,North America
Providence,421504,False,True,North America
Newark,573725,True,False,North America
Jersey City,812051,False,True,North America
Baltimore,751043,True,False,North America
Richmond,884602,True,False,North America
Norfolk,557009,False,False,North America
Raleigh,586630,True,False,North America
Durham,338823,False,False,North America
Charleston,328697,False,False,North America
Savannah,493520,True,False,North America
Birmingham,546319,False,False,North America
Montgomery,915600,False,True,North America
Mobile,224788,False,False,North America
New Orleans,294502,False,True,North America
Baton Rouge,264260,True,True,North America
Jackson,968480,False,False,North America
Shreveport,880756,False,True,North America
Wichita,796670,True,False,North America
Topeka,345742,True,False,North America
Kansas City,414951,False,True,North America
Saint Louis,765829,True,False,North America
Springfield,325617,True,False,North America
Peoria,553919,True,False,North America
Indianapolis,410010,True,True,North America
Columbus,417060,False,True,North America
Toledo,889112,False,False,North America
Dayton,968028,True,True,North America
Grand Rapids,342376,True,False,North America
Lansing,841929,True,False,North America
Detroit,545577,True,False,North America
Milwaukee,500942,True,False,North America
Green Bay,822159,True,False,North America
Chicago,474487,True,True,North America
Rockford,939593,True,True,North America
Springfield (MA),686183,False,True,North America
Manchester,429193,False,False,North America
Portland (ME),261736,False,False,North America
Burlington,261266,False,True,North America
Bangor,655011,False,True,North America
Augusta,324047,True,True,North America
Reno,882204,False,True,North America
Carson City,334864,False,False,North America
Salt Lake City,761685,False,False,North America
Provo,665035,True,False,North America
Logan,569585,False,False,North America
Idaho Falls,338912,False,False,North America
Great Falls,806431,False,True,North America
Billings,696337,True,True,North America
Casper,228735,False,True,North America
Rapid City,655601,False,False,North America
Sioux Falls,630875,False,False,North America
Duluth,614591,False,False,North America
Marquette,925617,True,False,North America
Thunder Bay,439721,False,False,North America
Sault Ste. Marie,467832,False,False,North America
Sudbury,703280,False,False,North America
Saskatoon,261040,True,False,North America
Regina,461390,True,True,North America
Prince Albert,712426,False,False,North America
Sherbrooke,710658,False,True,North America
Saint John,481813,True,True,North America
Moncton,421203,True,False,North America
Charlottetown,315490,True,False,North America
Fredericton,421479,True,False,North America
St. John's,497600,False,False,North America
Gander,468072,False,False,North America
Corner Brook,620242,True,True,North America
Labrador City,714647,False,False,North America
Nuuk,262207,True,True,North America
Torshavn,983506,False,True,Europe
Reykjavik,651026,False,True,Europe
Paris,286704,False,True,Europe
Berlin,586578,True,True,Europe
Madrid,863544,True,False,Europe
Lisbon,460852,False,True,Europe
Vienna,1072805,False,False,Europe
Prague,798910,False,True,Europe
Warsaw,554397,False,False,Europe
Budapest,609612,False,True,Europe
Copenhagen,702799,True,True,Europe
Stockholm,770457,False,False,Europe
Oslo,736287,False,False,Europe
Helsinki,325089,False,True,Europe
Brussels,1051268,False,True,Europe
Amsterdam,1047144,False,True,Europe
Bern,490710,False,True,Europe
Luxembourg,468279,False,True,Europe
Monaco,987592,True,True,Europe
Andorra la Vella,369906,False,True,Europe
San Marino,253344,False,True,Europe
Vatican City,470618,False,True,Europe
Dublin,702558,True,False,Europe
Edinburgh,796804,False,True,Europe
Arequipa,447216,True,True,South America
Tarija,467269,True,True,South America
Rivera,273913,False,True,South America
Santiago,407871,False,False,South America
Natal,120353,True,False,South America
Guayaquil,281247,True,True,South America
Georgetown,480026,True,True,South America
Boa Vista,145692,True,True,South America
Cusco,154759,True,True,South America
Recife,270385,False,False,South America
Valencia VE,278496,True,True,South America
Sao Paulo,574958,True,True,South America
Aracaju,300703,False,True,South America
Caracas,450389,True,False,South America
Quito,263114,False,True,South America
Vitoria,501016,True,False,South America
San Juan AR,360345,False,True,South America
Cartagena,313289,True,True,South America
San Miguel de Tucuman,372239,False,True,South America
La Paz,359295,True,False,South America
Piura,494664,True,True,South America
Belo Horizonte,392491,False,False,South America
Concepcion,276590,True,True,South America
Trujillo,567608,False,True,South America
Potosi,467077,True,False,South America
Joao Pessoa,380951,False,False,South America
Ciudad del Este,283228,True,True,South America
Iquitos,362754,False,True,South America
Oruro,311709,False,False,South America
Belem,226694,True,True,South America
Rio de Janeiro,182882,False,True,South America
Santa Cruz,247399,False,True,South America
Brasilia,472727,False,True,South America
Manaus,394476,False,True,South America
Asuncion,176994,False,True,South America
Cuiaba,574065,False,True,South America
Maracaibo,398836,False,True,South America
Porto Alegre,410341,True,False,South America
Campinas,177153,True,False,South America
Riberalta,608613,False,False,South America
Sucre,224047,False,False,South America
Temuco,539217,False,True,South America
Goiania,213067,False,False,South America
Paramaribo,212559,False,False,South America
Villarrica,568106,True,True,South America
Cordoba,215865,True,True,South America
Cochabamba,504392,False,True,South America
Mendoza,256147,True,True,South America
Barranquilla,442224,True,True,South America
Curitiba,250723,False,True,South America
Salvador,451970,True,True,South America
Punta Arenas,132167,False,False,South America
Fortaleza,439138,True,True,South America
Catamarca,298986,False,True,South America
Rosario,466987,False,False,South America
La Rioja AR,263242,True,False,South America
Cali,397873,True,True,South America
Campo Grande,619576,True,True,South America
Salta,368384,False,False,South America
Lima,555188,False,True,South America
Montevideo,244854,False,False,South America
Medellin,370224,True,False,South America
Bogota,259903,True,False,South America
Buenos Aires,348457,True,True,South America
Cuenca,248826,True,True,South America
Maceio,530082,True,False,South America
Valparaiso,262443,True,True,South America
Colombo,565698,False,True,Asia
Tokyo,284434,False,True,Asia
Peshawar,268823,False,False,Asia
Macau,258697,False,False,Asia
Lucknow,423520,True,False,Asia
Nagpur,476319,False,False,Asia
Kandahar,845600,False,True,Asia
Hyderabad,154788,False,False,Asia
Herat,224502,False,True,Asia
Johor Bahru,194260,True,True,Asia
Nagoya,898480,False,False,Asia
Penang,810756,False,True,Asia
Kuala Lumpur,726670,True,False,Asia
Chiang Mai,275742,True,True,Asia
Lhasa,344951,False,True,Asia
Urumqi,695829,True,False,Asia
New Delhi,255617,True,False,Asia
Chittagong,483919,True,False,Asia
Lahore,340010,True,True,Asia
Male,347060,False,True,Asia
Bengaluru,819112,False,True,Asia
Ahmedabad,898028,True,True,Asia
Manila,272376,True,False,Asia
Guangzhou,771929,True,False,Asia
Chiang Rai,475577,True,False,Asia
Goa,430942,True,False,Asia
Seoul,752159,True,False,Asia
Kabul,404487,True,True,Asia
Taipei,869593,True,True,Asia
Yogyakarta,616183,False,True,Asia
Quetta,359193,False,False,Asia
Bali,191736,False,False,Asia
Chennai,191266,False,True,Asia
Xi'an,585011,False,True,Asia
Chengdu,254047,True,True,Asia
Jakarta,812204,False,True,Asia
Shenzhen,264864,False,False,Asia
Wuhan,691685,False,True,Asia
Bangkok,595035,True,True,Asia
Kaohsiung,499585,False,False,Asia
Surat,268912,False,False,Asia
Karachi,736431,False,True,Asia
Beijing,626337,True,True,Asia
Hong Kong,158735,False,True,Asia
Davao,585601,False,False,Asia
Dhaka,560875,False,False,Asia
Lanzhou,544591,False,True,Asia
Fukuoka,855617,True,False,Asia
Daegu,369721,False,False,Asia
Surabaya,397832,False,False,Asia
Thimphu,633280,False,False,Asia
Sylhet,191040,True,False,Asia
Bandung,391390,True,True,Asia
Kolkata,642426,False,False,Asia
Chongqing,640658,False,True,Asia
Sapporo,411813,True,True,Asia
Hanoi,351203,True,False,Asia
Busan,245490,True,False,Asia
Jaipur,351479,True,True,Asia
Da Nang,427600,False,False,Asia
Cebu,398072,False,False,Asia
Kathmandu,550242,True,True,Asia
Islamabad,644647,False,False,Asia
Mumbai,192207,True,True,Asia
Kunming,883506,False,True,Asia
Singapore,551026,True,True,Asia
Pune,186704,False,True,Asia
Indore,486578,True,True,Asia
Nanjing,763544,True,False,Asia
Shanghai,360852,False,True,Asia
Tianjin,449327,False,False,Asia
Osaka,260276,False,True,Asia
Ho Chi Minh City,857911,False,True,Asia
Phuket,464631,True,True,Asia
Hangzhou,605712,True,True,Asia
Toamasina,389454,True,False,Africa
Porto Novo,403970,True,True,Africa
Dakar,174366,True,False,Africa
Kinshasa,433231,False,False,Africa
Nampula,117631,True,True,Africa
Maputo,263615,False,False,Africa
Harare,334566,False,False,Africa
N'Djamena,479272,False,False,Africa
Victoria,120050,True,True,Africa
Casablanca,383184,False,False,Africa
Monrovia,201625,False,False,Africa
Antananarivo,300990,False,True,Africa
Moroni,429043,True,False,Africa
Lome,333004,False,False,Africa
Giza,100724,False,True,Africa
Lagos,426326,True,True,Africa
Tripoli,333971,False,False,Africa
Bamako,397148,True,True,Africa
Johannesburg,209424,False,True,Africa
Malabo,189565,False,False,Africa
Luanda,414515,True,True,Africa
Benghazi,109408,True,False,Africa
Walvis Bay,404823,True,False,Africa
Luxor,284699,False,True,Africa
Douala,356340,False,True,Africa
Bulawayo,199130,False,True,Africa
Port Louis,396265,True,False,Africa
Beira,372175,False,False,Africa
Nairobi,391468,False,True,Africa
Maseru,96604,False,True,Africa
Khartoum,164620,False,False,Africa
Durban,321860,False,True,Africa
Mombasa,172198,False,False,Africa
Mamoudzou,416284,True,True,Africa
Niamey,233586,False,True,Africa
Lubumbashi,166287,False,True,Africa
Francistown,126468,False,False,Africa
Kigali,373356,False,True,Africa
Addis Ababa,404029,True,False,Africa
Cape Town,294095,True,False,Africa
Kampala,247591,True,False,Africa
Dodoma,187940,False,False,Africa
Gaborone,207538,True,False,Africa
Pretoria,164972,True,True,Africa
Conakry,396974,True,True,Africa
Dar es Salaam,469127,True,True,Africa
Takoradi,137312,False,False,Africa
Cotonou,377322,False,True,Africa
Mbabane,215985,False,True,Africa
Kumasi,82160,False,True,Africa
Port Said,323900,False,True,Africa
Lobito,145799,False,False,Africa
Kano,164388,True,False,Africa
Ibadan,182214,False,False,Africa
Arusha,335445,False,True,Africa
Algiers,94221,True,False,Africa
Libreville,253075,False,False,Africa
Port Elizabeth,95068,False,True,Africa
Sfax,397868,False,True,Africa
Yaounde,478387,True,False,Africa
Cairo,147752,False,False,Africa
Rabat,271343,False,False,Africa
Alexandria,252571,True,False,Africa
Bujumbura,209859,False,True,Africa
Oran,136318,True,False,Africa
Marrakesh,499817,True,False,Africa
Constantine,96589,True,False,Africa
Bloemfontein,447380,False,True,Africa
Omdurman,431451,False,True,Africa
Abidjan,152633,True,True,Africa
Abuja,481882,False,False,Africa
Windhoek,119460,False,False,Africa
Accra,87853,False,True,Africa
Tangier,226005,True,False,Africa
Nouakchott,165747,True,True,Africa
Yamoussoukro,147625,True,False,Africa
Laghouat,100873,False,False,Africa
Kisumu,233858,False,True,Africa
Asmara,482441,False,True,Africa
Pointe Noire,343056,False,False,Africa
Ouagadougou,254601,True,True,Africa
Djibouti,378451,False,True,Africa
Tunis,299743,False,False,Africa
Freetown,393106,True,True,Africa
Brazzaville,102514,False,False,Africa
Dire Dawa,496482,False,True,Africa
Sousse,181563,True,False,Africa
Lae,717537,True,False,Oceania
Geelong,568237,True,False,Oceania
Toowoomba,631488,True,False,Oceania
Nuku'alofa,785265,True,False,Oceania
Napier,337149,False,True,Oceania
Palmerston North,721251,True,False,Oceania
Perth,475175,True,False,Oceania
Wollongong,684464,False,False,Oceania
Honiara,574725,False,True,Oceania
Hobart,775744,False,True,Oceania
Adelaide,828973,False,False,Oceania
Lautoka,551398,True,False,Oceania
Port Vila,680412,True,False,Oceania
Dunedin,620540,True,False,Oceania
Goroka,494056,True,False,Oceania
Avarua,911152,True,True,Oceania
Kokopo,647742,False,False,Oceania
Gold Coast,269419,True,False,Oceania
Sydney,266969,True,False,Oceania
Newcastle,420634,True,True,Oceania
Whangarei,493295,True,True,Oceania
Suva,911363,False,False,Oceania
Hamilton NZ,468263,True,True,Oceania
Majuro,725024,True,False,Oceania
Rotorua,511869,False,False,Oceania
Melbourne,316641,True,False,Oceania
Brisbane,294555,False,True,Oceania
Townsville,933275,False,False,Oceania
Rabaul,721809,True,False,Oceania
New Plymouth,879190,True,False,Oceania
Auckland,813512,False,False,Oceania
Apia,905531,True,True,Oceania
Pago Pago,363222,True,False,Oceania
Wellington,672711,True,False,Oceania
Sunshine Coast,503529,False,False,Oceania
Cairns,287697,True,False,Oceania
Canberra,554423,True,True,Oceania
Darwin,339746,True,False,Oceania
Port Moresby,918601,False,True,Oceania
Noumea,346335,True,True,Oceania
Tarawa,384288,True,True,Oceania
Christchurch,553063,True,False,Oceania
Fakaofo,593348,False,False,Oceania
Invercargill,897424,True,False,Oceania
Port Stanley,378845,False,False,Oceania
Queenstown NZ,453786,True,False,Oceania
Funafuti,361453,True,False,Oceania
Nelson NZ,661173,True,True,Oceania
Papeete,473194,True,False,Oceania
Nadi,650337,True,False,Oceania
Tauranga,907191,False,False,Oceania
